# 일본어 별칭|별칭	한국어	읽는 법	설명	분류
お品書き|メニュー	메뉴	메뉴	음식과 가격 목록	안내
おすすめ|オススメ|お勧め	추천 메뉴	오스스메	가게에서 추천하는 메뉴	안내
本日のおすすめ	오늘의 추천	혼지쓰노 오스스메	오늘 추천하는 메뉴	안내
日替わり|日替り	매일 바뀌는 메뉴	히가와리	날짜에 따라 내용이 달라져요	안내
日替わり定食	오늘의 정식	히가와리 테이쇼쿠	반찬 구성이 매일 달라지는 정식	식사
数量限定	수량 한정	스료 겐테이	정해진 수량만 판매	안내
期間限定	기간 한정	키칸 겐테이	정해진 기간에만 판매	안내
季節限定	계절 한정	키세쓰 겐테이	특정 계절에만 판매	안내
売り切れ|売切れ|完売	품절	우리키레	오늘 준비한 수량이 다 팔렸어요	안내
準備中	준비 중	준비추	아직 영업하지 않아요	안내
営業中	영업 중	에이교추	지금 이용할 수 있어요	안내
定休日	정기 휴무일	테이큐비	정해진 쉬는 날	안내
予約制	예약제	요야쿠세이	미리 예약해야 이용할 수 있어요	안내
お一人様	1인당	오히토리사마	한 사람 기준	안내
一人前|1人前	1인분	이치닌마에	한 사람이 먹는 분량	안내
二人前|2人前	2인분	니닌마에	두 사람이 먹는 분량	안내
税込	세금 포함	제이코미	표시 가격에 소비세가 포함돼요	가격
税抜|税別	세금 별도	제이누키	계산할 때 세금이 더해져요	가격
時価	시가	지카	주문 전에 가격을 확인하세요	가격
お通し	기본 안주	오토오시	별도 요금이 붙을 수 있어요	가격
席料	좌석 요금	세키료	음식값 외에 받는 자리 요금	가격
食べ放題	무제한 뷔페	타베호다이	정해진 조건 안에서 음식을 무제한 제공	안내
飲み放題	음료 무제한	노미호다이	대상 음료와 제한 시간을 확인하세요	안내
おかわり自由	리필 가능	오카와리 지유	대상 메뉴를 추가로 받을 수 있어요	안내
セルフサービス	셀프서비스	세루후 사비스	직접 가져오거나 정리하는 방식	안내
持ち帰り|お持ち帰り|テイクアウト	포장	모치카에리	가져가서 먹는 주문	안내
店内	매장 안	텐나이	매장에서 먹는 주문	안내
大盛り|大盛	곱빼기	오모리	기본보다 많은 양	크기
並盛り|並盛	보통 크기	나미모리	기본 분량	크기
小盛り|小盛	작은 크기	코모리	기본보다 적은 양	크기
特盛	특대	토쿠모리	곱빼기보다 큰 분량	크기
麺大盛り|麺の大盛り	면 곱빼기	멘 오모리	면의 양을 늘려요	크기
替え玉|替玉	면 추가	카에다마	남은 국물에 면을 추가	식사
定食	정식	테이쇼쿠	주요 요리에 밥과 반찬 등을 곁들인 식사	식사
ランチ	점심 메뉴	란치	점심 시간에 제공하는 메뉴	식사
セット	세트	셋토	여러 품목을 묶은 구성	식사
単品	단품	탄핀	한 가지 메뉴만 주문	식사
ご飯|御飯|ごはん|ライス	밥	고항	흰밥	식사
味噌汁|みそ汁	미소 된장국	미소시루	일본식 된장으로 끓인 국	식사
豚汁|とん汁	돼지고기 된장국	톤지루	돼지고기와 채소를 넣은 미소국	식사
おにぎり	주먹밥	오니기리	속재료가 들어간 일본식 주먹밥	식사
焼きおにぎり	구운 주먹밥	야키 오니기리	겉면을 구운 주먹밥	식사
お茶漬け|茶漬け	차·육수를 부은 밥	오차즈케	밥에 차나 육수를 부어 먹는 요리	식사
卵かけご飯	날달걀 비빔밥	타마고 카케 고항	밥에 날달걀을 얹어 비벼 먹어요	식사
カレーライス|カレー	카레라이스	카레라이스	카레를 얹은 밥	식사
カツカレー	돈가스 카레	카츠카레	카레라이스에 돈가스를 곁들여요	식사
オムライス	오므라이스	오무라이스	볶음밥을 달걀로 감싼 요리	식사
炒飯|チャーハン	볶음밥	차항	밥을 재료와 함께 볶은 요리	식사
親子丼	닭고기 달걀 덮밥	오야코동	닭고기와 달걀을 익혀 밥에 얹어요	덮밥
牛丼	소고기 덮밥	규동	간장 양념으로 익힌 소고기를 얹은 밥	덮밥
豚丼	돼지고기 덮밥	부타동	돼지고기를 얹은 밥	덮밥
天丼	튀김 덮밥	텐동	튀김과 소스를 얹은 밥	덮밥
海鮮丼	해산물 덮밥	카이센동	여러 해산물을 얹은 밥	덮밥
カツ丼|かつ丼	돈가스 덮밥	카츠동	돈가스를 얹은 덮밥	덮밥
うな丼|鰻丼	장어 덮밥	우나동	양념한 장어구이를 얹은 밥	덮밥
うな重|鰻重	장어 도시락	우나주	네모난 찬합에 담은 장어 덮밥	덮밥
鉄火丼	참치회 덮밥	텟카동	참치회를 얹은 밥	덮밥
ねぎとろ丼|ネギトロ丼	다진 참치 덮밥	네기토로동	다진 참치와 파를 얹은 밥	덮밥
焼肉丼	고기구이 덮밥	야키니쿠동	구운 고기를 얹은 밥	덮밥
ラーメン|らーめん	라멘	라멘	일본식 국물 면요리	면
醤油ラーメン|しょうゆラーメン	간장 라멘	쇼유 라멘	간장으로 맛을 낸 국물	면
塩ラーメン|しおラーメン	소금 라멘	시오 라멘	소금으로 간한 국물	면
味噌ラーメン|みそラーメン	미소 라멘	미소 라멘	된장으로 맛을 낸 국물	면
豚骨ラーメン|とんこつラーメン	돈코츠 라멘	톤코츠 라멘	돼지 뼈를 우린 국물	면
つけ麺|つけめん	찍어 먹는 라멘	츠케멘	면을 별도의 진한 국물에 찍어 먹어요	면
担々麺|担担麺	탄탄면	탄탄멘	매콤한 소스나 국물을 곁들인 면	면
油そば	국물 없는 비빔면	아부라소바	소스와 기름에 비벼 먹는 면	면
まぜそば	비빔 라멘	마제소바	여러 고명을 면과 섞어 먹어요	면
冷やし中華	차가운 중화면	히야시추카	차가운 면에 고명과 소스를 곁들여요	면
うどん	우동	우동	굵은 밀가루 면	면
かけうどん	기본 국물 우동	카케우동	따뜻한 국물에 담긴 우동	면
きつねうどん	유부 우동	키츠네우동	달게 조린 유부를 올린 우동	면
肉うどん	고기 우동	니쿠우동	고기를 얹은 우동	면
カレーうどん	카레 우동	카레우동	카레 국물을 곁들인 우동	면
釜玉うどん	달걀 비빔 우동	카마타마우동	뜨거운 면에 달걀과 양념을 비벼요	면
ざるうどん	차가운 찍먹 우동	자루우동	차가운 면을 소스에 찍어 먹어요	면
そば|蕎麦	소바	소바	메밀을 사용한 면	면
ざるそば	차가운 소바	자루소바	소스에 찍어 먹는 차가운 메밀면	면
天ぷらそば	튀김 소바	템푸라소바	튀김을 곁들인 메밀면	면
焼きそば|焼そば	야키소바	야키소바	고기·채소 등과 볶은 면	면
焼きうどん	볶음 우동	야키우동	우동 면을 재료와 볶은 요리	면
寿司|すし|鮨	초밥	스시	식초로 간한 밥에 재료를 곁들여요	초밥
にぎり|握り寿司	쥐어 만든 초밥	니기리	손으로 쥔 밥 위에 재료를 얹어요	초밥
巻き寿司|巻きずし	김말이 초밥	마키즈시	밥과 속재료를 김으로 말아요	초밥
ちらし寿司	흩뿌린 초밥	치라시즈시	초밥용 밥 위에 여러 재료를 올려요	초밥
いなり寿司|いなり	유부초밥	이나리즈시	유부 안에 초밥용 밥을 채워요	초밥
まぐろ|マグロ|鮪	참치	마구로	참치	해산물
中トロ|中とろ	참치 중뱃살	주토로	참치의 지방이 적당히 있는 부위	해산물
大トロ|大とろ	참치 대뱃살	오토로	참치의 지방이 많은 뱃살 부위	해산물
赤身	붉은 살	아카미	생선이나 고기의 지방이 적은 붉은 부위	재료
サーモン	연어	사몬	연어	해산물
いくら|イクラ	연어알	이쿠라	연어알	해산물
うに|ウニ|雲丹	성게알	우니	성게의 생식소를 식재료로 사용	해산물
えび|エビ|海老	새우	에비	새우	해산물
甘えび|甘海老	단새우	아마에비	주로 회·초밥에 쓰는 작은 새우	해산물
いか|イカ|烏賊	오징어	이카	오징어	해산물
たこ|タコ|蛸	문어	타코	문어	해산물
ほたて|ホタテ|帆立	가리비	호타테	가리비	해산물
あさり|アサリ	바지락	아사리	바지락	해산물
しじみ|シジミ	재첩	시지미	작은 민물 조개	해산물
牡蠣|かき|カキ	굴	카키	굴	해산물
穴子|あなご	붕장어	아나고	바다에 사는 장어 종류	해산물
鰻|うなぎ	민물장어	우나기	민물장어	해산물
鯖|さば|サバ	고등어	사바	고등어	해산물
鯵|あじ|アジ	전갱이	아지	전갱이	해산물
鰤|ぶり|ブリ	방어	부리	방어	해산물
鯛|たい|タイ	도미	타이	도미	해산물
鰹|かつお|カツオ	가다랑어	카츠오	가다랑어	해산물
秋刀魚|さんま|サンマ	꽁치	산마	꽁치	해산물
しらす|シラス	잔멸치류	시라스	작은 생선을 통째로 쓰는 식재료	해산물
明太子|めんたいこ	명란젓	멘타이코	명태 알로 만든 젓갈	재료
たらこ	대구·명태 알젓	타라코	주로 명태 알을 소금에 절인 것	재료
刺身|お刺身|お造り	생선회	사시미	생선을 날것으로 썰어 낸 요리	요리
刺身盛り合わせ|刺身盛合せ	모둠회	사시미 모리아와세	여러 종류의 회를 한 접시에 담아요	요리
盛り合わせ|盛合せ	모둠	모리아와세	여러 종류를 함께 담은 구성	요리
あさりの酒蒸し|アサリの酒蒸し	바지락 술찜	아사리노 사카무시	바지락을 술로 쪄낸 요리	요리
鯖の味噌煮|さばの味噌煮|サバの味噌煮|さば味噌煮	고등어 된장조림	사바노 미소니	고등어를 미소 양념으로 조린 요리	요리
鯖の塩焼き|サバの塩焼き	고등어 소금구이	사바노 시오야키	소금으로 간해 구운 고등어	요리
鮭の塩焼き	연어 소금구이	사케노 시오야키	소금으로 간해 구운 연어	요리
煮魚	생선조림	니자카나	생선을 양념에 조린 요리	요리
焼き魚|焼魚	생선구이	야키자카나	구운 생선	요리
南蛮漬け	새콤한 절임 요리	남반즈케	튀긴 재료를 식초 양념에 절여요	요리
たこ焼き	다코야키	타코야키	문어가 들어간 동그란 밀가루 반죽 구이	요리
お好み焼き	오코노미야키	오코노미야키	재료를 반죽과 섞어 부친 일본식 부침개	요리
もんじゃ焼き	몬자야키	몬자야키	묽은 반죽과 재료를 철판에 구워 먹어요	요리
餃子|ぎょうざ|ギョーザ	교자 만두	교자	고기나 채소를 넣은 만두	요리
焼き餃子	군만두	야키교자	바닥을 바삭하게 구운 만두	요리
水餃子	물만두	스이교자	물에 삶아 낸 만두	요리
天ぷら|天麩羅	튀김	템푸라	얇게 반죽을 입혀 튀긴 요리	요리
海老天|えび天	새우튀김	에비텐	튀김옷을 입혀 튀긴 새우	요리
かき揚げ	채소·해산물 모둠튀김	카키아게	잘게 썬 재료를 모아 튀겨요	요리
唐揚げ|から揚げ|からあげ	가라아게 튀김	카라아게	재료에 가루를 묻혀 튀겨요. 주재료를 함께 확인하세요	요리
鶏の唐揚げ|鶏唐揚げ|鶏から揚げ	닭튀김	토리노 카라아게	양념한 닭고기에 가루를 묻혀 튀겨요	요리
軟骨唐揚げ|なんこつ唐揚げ	닭연골 튀김	난코츠 카라아게	닭의 연골을 튀긴 안주	요리
とんかつ|トンカツ|豚カツ	돈가스	톤카츠	돼지고기에 빵가루를 입혀 튀겨요	요리
ロースかつ|ロースカツ	등심 돈가스	로스카츠	돼지 등심으로 만든 돈가스	요리
ヒレかつ|ヒレカツ	안심 돈가스	히레카츠	돼지 안심으로 만든 돈가스	요리
メンチカツ	다진 고기 튀김	멘치카츠	다진 고기를 뭉쳐 빵가루를 입혀 튀겨요	요리
コロッケ	고로케	코롯케	으깬 감자 등으로 만든 튀김	요리
エビフライ	새우 프라이	에비후라이	빵가루를 입힌 새우튀김	요리
カキフライ	굴튀김	카키후라이	빵가루를 입혀 튀긴 굴	요리
チキン南蛮	치킨 난반	치킨남반	새콤한 양념과 소스를 곁들인 닭튀김	요리
チキンカツ	치킨가스	치킨카츠	닭고기에 빵가루를 입혀 튀겨요	요리
豚の生姜焼き|生姜焼き|しょうが焼き	돼지고기 생강구이	부타노 쇼가야키	생강 양념으로 구운 돼지고기	요리
角煮|豚の角煮	돼지고기 조림	카쿠니	두툼한 돼지고기를 부드럽게 조린 요리	요리
肉じゃが	고기 감자조림	니쿠자가	고기와 감자 등을 간장 양념에 조려요	요리
すき焼き	스키야키	스키야키	고기·채소를 달짝지근한 양념에 익혀요	요리
しゃぶしゃぶ	샤부샤부	샤부샤부	얇은 고기와 채소를 국물에 데쳐요	요리
もつ鍋	곱창 전골	모츠나베	내장과 채소를 넣어 끓이는 전골	요리
鍋|お鍋	전골	나베	냄비에 재료를 함께 끓이는 요리	요리
おでん	오뎅탕	오뎅	어묵·무 등 여러 재료를 국물에 익혀요	요리
焼き鳥|焼鳥	닭꼬치	야키토리	닭고기나 부위를 꼬치에 끼워 구워요	꼬치
ねぎま|ネギマ	닭고기 대파 꼬치	네기마	닭고기와 대파를 번갈아 끼운 꼬치	꼬치
つくね	다진 고기 완자	츠쿠네	다진 고기를 뭉쳐 만든 요리	꼬치
ぼんじり	닭 꼬리살	본지리	닭 꼬리 부위의 지방이 많은 살	꼬치
砂肝|砂ずり	닭 모래주머니	스나기모	쫄깃한 식감의 닭 내장	꼬치
せせり	닭 목살	세세리	닭의 목 부위 살	꼬치
手羽先	닭 날개	테바사키	날개 끝 부분을 포함한 부위	꼬치
手羽元	닭 윗날개	테바모토	날개에서 몸통에 가까운 부위	꼬치
鶏皮|とり皮	닭껍질	토리카와	닭의 껍질 부위	꼬치
ささみ|ササミ	닭 안심	사사미	닭 가슴 안쪽의 길쭉한 부위	꼬치
レバー	간	레바	동물의 간 부위	부위
ハツ	염통	하츠	동물의 심장 부위	부위
タン	혀 부위	탄	소나 돼지의 혀. 고기 종류를 함께 확인하세요	부위
牛タン	소 혀	규탄	소의 혀 부위	부위
ハラミ	횡격막 부위	하라미	보통 소의 횡격막 살	부위
カルビ	갈비살	카루비	갈비 주변의 고기	부위
ロース	등심	로스	등 쪽의 고기 부위	부위
ホルモン	내장류	호루몬	장 등 내장 부위를 통칭	부위
牛肉	소고기	규니쿠	소고기	재료
豚肉	돼지고기	부타니쿠	돼지고기	재료
鶏肉	닭고기	토리니쿠	닭고기	재료
馬刺し	말고기 회	바사시	말고기를 날것으로 썰어 내요	요리
牛すじ煮込み	소 힘줄 조림	규스지 니코미	소 힘줄을 부드럽게 끓여요	요리
だし巻き卵|出し巻き卵|出汁巻き卵|だし巻き玉子	육수 달걀말이	다시마키 타마고	육수를 넣어 부드럽게 만든 달걀말이	요리
卵焼き|玉子焼き	달걀말이	타마고야키	달걀을 겹겹이 말아 익힌 요리	요리
温泉卵|温泉玉子|温玉	온천 달걀	온센 타마고	낮은 온도에서 천천히 익힌 달걀	재료
味玉|味付け玉子|味付け卵	양념 달걀	아지타마	간장 등의 양념에 재운 달걀	재료
茶碗蒸し	일본식 달걀찜	차완무시	육수를 섞어 부드럽게 찐 달걀 요리	요리
揚げ出し豆腐	튀긴 두부 국물요리	아게다시도후	튀긴 두부에 따뜻한 국물을 곁들여요	요리
冷奴|冷やっこ	차가운 두부	히야얏코	차가운 두부에 양념과 고명을 올려요	요리
枝豆	풋콩	에다마메	꼬투리째 익혀 알맹이를 먹는 콩	안주
漬物|お漬物|漬け物	일본식 절임	츠케모노	소금·식초 등에 절인 채소	반찬
たくあん|沢庵	단무지	타쿠앙	노란 무 절임	반찬
キムチ	김치	키무치	김치	반찬
サラダ	샐러드	사라다	채소 등을 소스와 곁들여요	요리
ポテトサラダ	감자 샐러드	포테토 사라다	으깬 감자를 사용한 샐러드	요리
フライドポテト	감자튀김	후라이도 포테토	막대 모양 등으로 튀긴 감자	요리
わさび|山葵	와사비	와사비	코끝이 찡한 맛의 양념	양념
からし|辛子	겨자	카라시	톡 쏘는 매운맛의 양념	양념
醤油|しょうゆ	간장	쇼유	간장	양념
味噌|みそ	미소 된장	미소	일본식 된장	양념
塩	소금	시오	소금으로 간한 맛	양념
たれ|タレ	양념 소스	타레	요리에 바르는 양념장	양념
ポン酢	폰즈 소스	폰즈	감귤류와 식초 등의 새콤한 소스	양념
七味唐辛子|七味	시치미 양념	시치미	고춧가루 등을 섞은 향신료	양념
大根おろし	간 무	다이콘 오로시	무를 강판에 간 고명	재료
ねぎ|ネギ|葱	파	네기	파	재료
大葉|しそ|シソ	차조기 잎	오바	깻잎과 다른 향의 일본 허브	재료
山芋|長芋	마	야마이모	끈적한 질감의 뿌리채소	재료
とろろ	간 마	토로로	마를 갈아 만든 끈적한 고명	재료
納豆	낫토	낫토	발효시킨 콩	재료
海苔|のり	김	노리	김	재료
わかめ|ワカメ	미역	와카메	미역	재료
昆布|こんぶ	다시마	콘부	다시마	재료
きのこ	버섯	키노코	버섯류	재료
椎茸|しいたけ	표고버섯	시이타케	표고버섯	재료
しめじ	만가닥버섯류	시메지	요리에 쓰는 작은 버섯류	재료
えのき	팽이버섯	에노키	팽이버섯	재료
かぼちゃ|南瓜	단호박	카보차	호박류 채소	재료
なす|茄子	가지	나스	가지	재료
蓮根|れんこん	연근	렌콘	연근	재료
ごぼう|牛蒡	우엉	고보	우엉	재료
生ビール	생맥주	나마비루	탭에서 따라 주는 맥주	음료
瓶ビール	병맥주	빈비루	병에 담긴 맥주	음료
ハイボール	하이볼	하이보루	위스키 등에 탄산을 섞은 술	음료
レモンサワー	레몬 사와	레몬 사와	레몬 맛의 탄산 주류	음료
サワー	사와	사와	증류주에 탄산과 맛을 더한 술	음료
日本酒	일본 청주	니혼슈	쌀로 빚은 일본 술	음료
焼酎	일본 소주	쇼추	일본의 증류주	음료
梅酒	매실주	우메슈	매실을 사용한 술	음료
熱燗	따뜻하게 데운 술	아쓰칸	데워서 내는 술	음료
冷酒	차가운 청주	레이슈	차갑게 내는 일본 청주	음료
ノンアルコール	무알코올 표기	논아루코루	정확한 도수는 제품 표시를 확인하세요	음료
烏龍茶|ウーロン茶	우롱차	우론차	우롱차	음료
緑茶	녹차	료쿠차	녹차	음료
ほうじ茶	호지차	호지차	차 잎을 볶아 만든 차	음료
麦茶	보리차	무기차	보리차	음료
抹茶	말차	맛차	곱게 간 녹차 가루	음료
アイスコーヒー	아이스커피	아이스 코히	차가운 커피	음료
ホットコーヒー	뜨거운 커피	홋토 코히	따뜻한 커피	음료
カフェラテ	카페라테	카페라테	우유를 넣은 커피	음료
豆乳	두유	토뉴	콩으로 만든 음료	음료
牛乳	우유	규뉴	우유	음료
炭酸水	탄산수	탄산스이	탄산이 들어간 물	음료
水|お水	물	미즈	마시는 물	음료
デザート	후식	데자토	식사 뒤에 먹는 디저트	후식
プリン	푸딩	푸린	부드러운 달걀·우유 디저트	후식
ソフトクリーム	소프트아이스크림	소후토 쿠리무	기계에서 뽑아 내는 부드러운 아이스크림	후식
かき氷	빙수	카키고리	곱게 간 얼음에 시럽 등을 얹어요	후식
大福	다이후쿠 찹쌀떡	다이후쿠	속을 채운 일본식 찹쌀떡	후식
どら焼き	도라야키	도라야키	둥근 빵 사이에 팥소 등을 넣은 과자	후식
たい焼き	도미 모양 풀빵	타이야키	생선 모양 틀에 구운 속을 채운 빵	후식
あんこ|餡子	팥소	앙코	달게 만든 팥 속재료	후식
こしあん	고운 팥소	코시앙	껍질 등을 걸러 부드럽게 만든 팥소	후식
つぶあん	알갱이 팥소	츠부앙	팥 알갱이가 남아 있는 팥소	후식
黒蜜	흑당 시럽	쿠로미쓰	검은 설탕으로 만든 시럽	후식
きなこ|きな粉	볶은 콩가루	키나코	디저트에 곁들이는 콩가루	후식
詰め替え用|詰替用|つめかえ用|つめかえ|詰め替え|詰替え	리필용	츠메카에요	본품 용기에 옮겨 쓰는 내용물	제품
本体	본품	혼타이	용기 또는 기기 본체가 포함된 제품	제품
お試し|トライアル	체험용	오타메시	처음 써 보기 위한 소용량 구성	제품
試供品	견본품	시쿄힌	사용해 보도록 제공하는 샘플	제품
携帯用	휴대용	케이타이요	가지고 다니기 위한 제품	제품
業務用	업소용	교무요	업무용 대용량·전문용 제품	제품
大容量	대용량	다이요료	일반 제품보다 많은 용량	제품
個包装	개별 포장	코호소	낱개로 포장돼 있어요	제품
限定品	한정 제품	겐테이힌	판매 기간이나 수량이 제한된 제품	제품
新発売	신제품	신하쓰바이	새로 출시한 제품	제품
日本製	일본 제조	니혼세이	일본에서 제조한 제품	제품
原産国	원산지 국가	겐산코쿠	제품이 만들어진 국가 표시	제품
内容量	내용량	나이요료	안에 들어 있는 양	제품
原材料名	원재료명	겐자이료메이	사용한 원재료 목록	제품
賞味期限	품질 유지 기한	쇼미키겐	표시된 보관 조건에서 품질이 유지되는 기한	식품 표시
消費期限	소비 기한	쇼히키겐	표시된 보관 조건에 따른 섭취 기한	식품 표시
要冷蔵	냉장 보관 필요	요레이조	포장에 적힌 냉장 온도를 확인하세요	식품 표시
要冷凍	냉동 보관 필요	요레이토	포장에 적힌 냉동 온도를 확인하세요	식품 표시
常温保存	실온 보관	조온 호존	직사광선 등 별도 보관 조건도 확인하세요	식품 표시
開封後	개봉 후	카이후고	포장을 연 다음의 안내	식품 표시
加熱用	가열 조리용	카네쓰요	익혀 먹도록 표시된 식품	식품 표시
生食用	생식용	나마쇼쿠요	날것으로 먹는 용도로 표시된 식품	식품 표시
電子レンジ	전자레인지	덴시렌지	전자레인지 관련 안내	제품
電子レンジ不可	전자레인지 사용 불가	덴시렌지 후카	전자레인지에 넣지 마세요	제품
食器洗い乾燥機対応|食洗機対応	식기세척기 사용 가능	쇼쿠센키 타이오	제품의 온도·사용 조건도 확인하세요	제품
食器用洗剤	주방 세제	쇼쿠키요 센자이	그릇을 씻는 세제	제품
洗濯用洗剤	세탁 세제	센타쿠요 센자이	의류 세탁에 사용하는 세제	제품
柔軟剤	섬유유연제	주난자이	세탁할 때 사용하는 섬유유연제	제품
漂白剤	표백제	효하쿠자이	제품의 혼합 금지·사용법을 확인하세요	제품
除菌	제균	조킨	균을 줄이는 용도라는 표시	제품
消臭	탈취	쇼슈	냄새를 줄이는 용도라는 표시	제품
無香料	무향료	무코료	향료를 넣지 않았다는 표시	제품
香り	향	카오리	제품의 향 종류	제품
化粧水	스킨·토너	케쇼스이	세안 뒤 사용하는 액상 기초 화장품	제품
乳液	로션·에멀전	뉴에키	유분과 수분이 섞인 기초 화장품	제품
美容液	에센스·세럼	비요에키	집중 관리용 기초 화장품	제품
洗顔料	세안제	센간료	얼굴을 씻는 제품	제품
クレンジング	메이크업 세정제	쿠렌징구	화장을 지우는 제품	제품
日焼け止め	자외선 차단제	히야케도메	자외선 차단용 제품	제품
リップクリーム	립밤	릿푸 쿠리무	입술 보습용 제품	제품
ハンドクリーム	핸드크림	한도 쿠리무	손 보습용 제품	제품
ボディソープ	보디워시	보디 소푸	몸을 씻는 세정제	제품
シャンプー	샴푸	샴푸	머리를 감는 세정제	제품
コンディショナー	컨디셔너	콘디쇼나	샴푸 후 모발 관리용 제품	제품
トリートメント	헤어 트리트먼트	토리토멘토	모발 관리용 제품	제품
歯磨き粉|ハミガキ	치약	하미가키코	이를 닦는 제품	제품
歯ブラシ	칫솔	하부라시	이를 닦는 도구	제품
入浴剤	입욕제	뉴요쿠자이	목욕물에 넣는 제품	제품
使い捨て	일회용	츠카이스테	한 번 사용한 뒤 버리는 제품	제품
充電式	충전식	주덴시키	배터리를 충전해 쓰는 방식	제품
電池別売	건전지 별매	덴치 베쓰바이	건전지는 따로 구매해야 해요	제품
別売り|別売	별도 판매	베쓰우리	본품 구성에 포함되지 않아요	제품
付属品	부속품	후조쿠힌	제품에 딸린 구성품	제품
取扱説明書	사용 설명서	토리아쓰카이 세쓰메이쇼	제품 사용법이 적힌 문서	제품
免税	면세	멘제이	적용 조건을 매장에서 확인하세요	쇼핑
免税対象外	면세 대상 제외	멘제이 타이쇼가이	면세가 적용되지 않는 상품	쇼핑
現金のみ	현금만 가능	겐킨노미	현금으로 결제해야 해요	쇼핑
現金	현금	겐킨	현금 결제	쇼핑
カード利用可	카드 사용 가능	카도 리요카	카드로 결제할 수 있어요	쇼핑
お会計|会計	계산	오카이케이	결제하는 곳 또는 결제 요청	쇼핑
レジ	계산대	레지	결제하는 곳	쇼핑
レジ袋有料	봉투 유료	레지부쿠로 유료	봉투에 별도 요금이 붙어요	쇼핑
レシート	영수증	레시토	구매 내역이 적힌 영수증	쇼핑
返品不可	반품 불가	헨핀 후카	반품을 받지 않는다는 표시	쇼핑
試着	옷 입어 보기	시차쿠	구매 전에 옷을 입어 보는 것	쇼핑
入口	입구	이리구치	들어가는 곳	안내
出口	출구	데구치	나가는 곳	안내
お手洗い|トイレ	화장실	오테아라이	화장실	안내
禁煙	금연	킨엔	담배를 피울 수 없어요	안내
喫煙所	흡연 구역	키쓰엔조	담배를 피우도록 지정된 곳	안내
撮影禁止	촬영 금지	사쓰에이 킨시	사진·영상 촬영이 금지된 곳	안내
立入禁止|立ち入り禁止	출입 금지	타치이리 킨시	들어가면 안 되는 곳	안내
ゆず|柚子|ユズ	유자	유즈	감귤류 과일	재료
鶏白湯	진한 닭육수	토리파이탄	닭을 오래 끓여 뽀얗게 우린 국물	재료
鶏清湯	맑은 닭육수	토리친탄	닭을 우려 맑게 낸 국물	재료
魚介	어패류	교카이	생선과 조개 등 해산물	재료
煮干し|煮干	말린 작은 생선	니보시	육수를 내는 데 쓰는 말린 생선	재료
野菜	채소	야사이	채소류	재료
季節の野菜	제철 채소	키세쓰노 야사이	그 계절에 나는 채소	재료
スープ	수프·국물	스푸	수프 또는 국물	식사
香る	향이 나는	카오루	앞에 적힌 재료의 향이 나는 것	표현
冷暗所	서늘하고 어두운 곳	레이안쇼	열과 빛을 피해 보관하는 장소	제품
保存してください	보관해 주세요	호존시테 쿠다사이	보관 방법 안내	제품
本品	이 제품	혼핀	지금 설명하는 제품	제품
食器	식기	쇼쿠키	음식을 담는 그릇	제품
洗剤	세제	센자이	세척에 사용하는 제품	제품
衣類	의류	이루이	옷류	제품
衣料用	의류용	이료요	옷에 사용하는 용도	제품
詰め替え用ではありません	리필용이 아닙니다	츠메카에요데와 아리마센	리필용이 아니라는 안내	제품
卵不使用	달걀 미사용 표기	타마고 후시요	표시 범위를 뜻하며 교차 접촉 여부까지 보장하지 않아요	식품 표시
砂糖不使用	설탕 미사용 표기	사토 후시요	설탕을 사용하지 않았다는 표시	식품 표시
サーモン丼	연어 덮밥	사몬동	밥 위에 연어를 올린 음식	요리
炙りサーモン	겉을 살짝 구운 연어	아부리 사몬	불로 표면을 익힌 연어	요리
炙りサーモン丼	겉을 살짝 구운 연어 덮밥	아부리 사몬	불로 표면을 익힌 연어	요리
とり天|鶏天	닭고기 튀김	토리텐	닭고기에 덴푸라 반죽을 입혀 튀긴 음식	요리
梅しそ|梅シソ|梅紫蘇	매실과 차조기	우메시소	매실의 신맛과 차조기 잎의 향을 더한 맛	재료
辛さ	매운 정도	카라사	음식의 맵기	안내
控えめ	적게 또는 약하게	히카에메	맛이나 양의 정도를 줄인다는 뜻	안내
一品	한 가지 메뉴	잇핀	주문할 음식 한 가지	안내
炙り|あぶり	겉을 불에 살짝 구움	아부리	음식 표면을 불로 익힌 조리법	조리법
味噌だれ|みそだれ	미소 된장 소스	미소다레	일본 된장으로 만든 양념 소스	재료
梅肉	매실 과육	바이니쿠	씨를 뺀 매실의 과육	재료
鰹節|かつお節|かつおぶし	가쓰오부시	가쓰오부시	가다랑어를 말려 얇게 깎은 재료	재료
明太マヨ	명란 마요네즈	멘타이마요	명란과 마요네즈를 섞은 소스	재료
ねぎ塩|ネギ塩	파 소금 양념	네기시오	파와 소금으로 맛을 낸 양념	재료
バター醤油	버터 간장 양념	바타 쇼유	버터와 간장을 함께 쓴 양념	재료
タルタルソース	타르타르소스	타루타루 소스	마요네즈에 잘게 썬 재료를 섞은 소스	재료
大盛り無料	곱빼기 무료	오모리 무료	양을 늘리는 데 추가 요금이 없다는 표기	안내
辛さは控えめにできます	덜 맵게 조절할 수 있어요	카라사와 히카에메니 데키마스	맵기를 약하게 해 달라고 요청할 수 있다는 안내	안내
お一人様一品のご注文をお願いします	1인당 메뉴 한 가지를 주문해 주세요	오히토리사마 잇핀노 고추몬오 오네가이시마스	한 사람마다 한 가지 이상 주문해 달라는 안내	안내
国産	일본산	고쿠산	일본에서 판매되는 상품의 일본 국내산 표기	원산지
豚バラ	돼지 삼겹살	부타바라	돼지 배 부위 고기	재료
辛すぎる	너무 매운	카라스기루	음식의 매운 정도가 강하다는 표현	맛
